{
  "config": {
    "risk_pct": 0.01,
    "starting_balance": 1000.0
  },
  "data_hash": "b7806195f3f4",
  "metrics": {
    "avg_loss": -5.734125246718189,
    "avg_win": 16.600510100892347,
    "deflated_sharpe": -0.004653283153315692,
    "expectancy": -0.061836904467893986,
    "expectancy_ci": [
      -0.33522367742528736,
      0.21671529559379796
    ],
    "max_drawdown": -2751.9741811500735,
    "n_trades": 9513,
    "pf_ci": [
      0.922338369671204,
      1.051072994054225
    ],
    "profit_factor": 0.9855448282001199,
    "sharpe": -0.004653283153315692,
    "sortino": -0.01217525715477499,
    "total_costs": 174.12000000000094,
    "win_rate": 0.25396825396825395
  },
  "name": "B0"
}