{
  "config": {
    "risk_pct": 0.01,
    "starting_balance": 1000.0
  },
  "data_hash": "b7806195f3f4",
  "metrics": {
    "avg_loss": -5.947328789430496,
    "avg_win": 16.80026044538533,
    "deflated_sharpe": -0.0026043644658981973,
    "expectancy": -0.035293859809658185,
    "expectancy_ci": [
      -0.32474652182108027,
      0.25915995444028933
    ],
    "max_drawdown": -1988.4795184628165,
    "n_trades": 7199,
    "pf_ci": [
      0.9274806616475654,
      1.060342912564917
    ],
    "profit_factor": 0.9919816471202962,
    "sharpe": -0.0026043644658981973,
    "sortino": -0.0068230483360503715,
    "total_costs": 151.2800000000011,
    "win_rate": 0.259897207945548
  },
  "name": "B1"
}